user_id;datenaissance;sexe;profession;ville
1;2020-07-10T00:56:53;calculate;incremental Spring;Fresh architecture invoice
2;2020-07-09T20:40:44;Administrator compressing paradigm;Functionality envisioneer;Metrics engage world-class
3;2020-07-09T11:58:52;Grocery;capacitor Handcrafted Rubber Car;iterate
4;2020-07-09T14:41:47;online Kids neural;content;Checking Account virtual Internal
5;2020-07-09T11:39:16;Licensed;morph Legacy;e-markets Cambridgeshire
6;2020-07-10T07:03:02;Wooden;Associate Solomon Islands Dollar;Savings Account Mouse back-end
7;2020-07-09T16:32:42;Avon Licensed;Music index;Dalasi
8;2020-07-09T12:50:58;Multi-layered Branding;Response orange Refined Plastic Table;encoding haptic
9;2020-07-10T06:47:54;Via;Interactions Bike;payment
10;2020-07-10T07:52:17;Wisconsin Forward;Up-sized migration Avon;background Electronics
